Id,Klongr√∂sse,Honigbiene,Hummeln,AvgTempHoch,AvgTief,Regentage,Fruchtansatz,Fruchtmasse,Samen,Ertrag
102,12.5,0.25,0.25,26.11111111111111,13.277777777777779,1.0,0.590337413,0.493533938,41.17642111,7.301106216
760,20.0,0.0,0.202,22.16666666666667,10.444444444444443,3.77,0.492759727,0.443519907,35.31195693,5.718408168
294,12.5,0.25,0.25,26.11111111111111,13.277777777777779,1.0,0.603371908,0.500653697,42.13153821,7.675963523
437,12.5,0.25,0.38,26.11111111111111,13.277777777777779,16.0,0.627442488,0.519045161,44.39094402,8.254126537
453,12.5,0.25,0.38,26.11111111111111,13.277777777777779,16.0,0.608339742,0.504233755,42.48595317,7.616705992
212,12.5,0.25,0.25,22.16666666666667,10.444444444444443,1.0,0.610321439,0.504532158,42.48753914,7.793442057999999
362,12.5,0.25,0.38,26.11111111111111,13.277777777777779,34.0,0.424394344,0.412450296,31.88184658,4.4800699999999996
66,12.5,0.25,0.25,14.555555555555555,5.1111111111111125,34.0,0.406644523,0.38126925,30.057704,4.247508926
147,12.5,0.25,0.25,22.16666666666667,10.444444444444443,16.0,0.553729922,0.471249919,38.53456885,6.683200614
386,12.5,0.25,0.38,14.555555555555555,5.1111111111111125,34.0,0.506987743,0.434349356,35.8744954,6.060283822000001
190,12.5,0.25,0.25,14.555555555555555,5.1111111111111125,1.0,0.538593399,0.44549439,37.4186977,7.013002812
84,12.5,0.25,0.25,22.16666666666667,10.444444444444443,1.0,0.599956822,0.497916665,41.71941614,7.660886044
242,12.5,0.25,0.25,14.555555555555555,5.1111111111111125,34.0,0.46555863,0.409033913,32.9240208,5.322840434
534,25.0,0.5,0.25,18.166666666666668,7.666666666666665,34.0,0.473458531,0.437681481,34.72483444,5.439421502999999
479,25.0,0.5,0.25,26.11111111111111,13.277777777777779,24.0,0.364564858,0.391617371,29.90851804,3.723523376
155,12.5,0.25,0.25,18.166666666666668,7.666666666666665,16.0,0.572725923,0.479866804,39.46947609,7.024748359
75,12.5,0.25,0.25,18.166666666666668,7.666666666666665,16.0,0.567975637,0.480580564,39.64161958,7.016893850000001
384,12.5,0.25,0.38,18.166666666666668,7.666666666666665,34.0,0.596551315,0.498475898,41.78212739,7.521714355
602,25.0,0.5,0.25,22.16666666666667,10.444444444444443,1.0,0.523845567,0.460305334,37.27729673,6.521291119000001
100,12.5,0.25,0.25,22.16666666666667,10.444444444444443,1.0,0.626280739,0.516666897,43.97488159,8.263289742000001
649,25.0,0.5,0.38,22.16666666666667,10.444444444444443,16.0,0.525063322,0.461903766,37.52274536,6.235452776
289,12.5,0.25,0.25,14.555555555555555,5.1111111111111125,24.0,0.511750776,0.427683045,35.17991165,6.461670874999999
313,12.5,0.25,0.25,26.11111111111111,13.277777777777779,24.0,0.455384537,0.424311942,33.31223192,5.192883148
101,12.5,0.25,0.25,26.11111111111111,13.277777777777779,16.0,0.572046486,0.482423774,39.85662538,6.960107506
399,12.5,0.25,0.38,18.166666666666668,7.666666666666665,24.0,0.612222602,0.506852617,42.78112742,7.9690257529999995
303,12.5,0.25,0.25,18.166666666666668,7.666666666666665,24.0,0.581744319,0.485989695,40.23598632,7.206901955999999
646,25.0,0.5,0.25,18.166666666666668,7.666666666666665,34.0,0.485548321,0.440675594,35.02172542,5.531351743
765,20.0,18.43,0.042,22.16666666666667,10.444444444444443,3.77,0.55788532,0.377596581,28.55641695,6.276410544
449,12.5,0.25,0.38,14.555555555555555,5.1111111111111125,24.0,0.571610169,0.468338919,39.41382075,7.381379396000001
415,12.5,0.25,0.38,18.166666666666668,7.666666666666665,24.0,0.594836828,0.495912854,41.44744954,7.441509419
245,12.5,0.25,0.25,26.11111111111111,13.277777777777779,16.0,0.595052932,0.494864674,41.36494454,7.483736315
367,12.5,0.25,0.38,18.166666666666668,7.666666666666665,24.0,0.598814008,0.498585597,41.73066669,7.510790568
456,12.5,0.25,0.38,22.16666666666667,10.444444444444443,34.0,0.500058984,0.444690988,35.47352652,5.56652275
716,25.0,0.5,0.38,26.11111111111111,13.277777777777779,1.0,0.562619298,0.485752533,40.40291611,7.071833949
734,25.0,0.5,0.38,22.16666666666667,10.444444444444443,34.0,0.450102564,0.428771298,33.76469664,5.033685563
142,12.5,0.25,0.25,14.555555555555555,5.1111111111111125,1.0,0.532227877,0.444146829,36.88084855,6.569249674
584,25.0,0.5,0.25,14.555555555555555,5.1111111111111125,34.0,0.397461189,0.382602075,29.97539813,4.323930991
280,12.5,0.25,0.25,22.16666666666667,10.444444444444443,34.0,0.483249032,0.438630573,34.89995717,5.330369306
45,25.0,0.25,0.25,22.16666666666667,10.444444444444443,34.0,0.350992769,0.388632634,29.63179631,3.385364224
522,25.0,0.5,0.25,22.16666666666667,10.444444444444443,1.0,0.477940817,0.41827206,33.97729329,6.015224564
726,25.0,0.5,0.38,18.166666666666668,7.666666666666665,34.0,0.508104246,0.456826317,37.02918026,6.150842053
675,25.0,0.5,0.38,14.555555555555555,5.1111111111111125,16.0,0.499992838,0.431448682,35.55891105,6.491223530999999
526,25.0,0.5,0.25,22.16666666666667,10.444444444444443,34.0,0.379102775,0.39728943,30.35778147,4.162761559
26,25.0,0.25,0.25,22.16666666666667,10.444444444444443,1.0,0.462013355,0.435203234,34.46756739,5.126993177999999
268,12.5,0.25,0.25,18.166666666666668,7.666666666666665,1.0,0.596753394,0.495164177,41.33629767,7.690174905
63,12.5,0.25,0.25,18.166666666666668,7.666666666666665,24.0,0.496176505,0.445238125,35.46687387,5.556372277
619,25.0,0.5,0.25,26.11111111111111,13.277777777777779,16.0,0.488876344,0.445474763,35.59821657,5.696026057
753,25.0,0.5,0.38,18.166666666666668,7.666666666666665,16.0,0.538604193,0.468763134,38.3177098,6.663000678
33,25.0,0.25,0.25,18.166666666666668,7.666666666666665,16.0,0.447780771,0.42726083,33.58954163,4.898835857
655,25.0,0.5,0.38,26.11111111111111,13.277777777777779,24.0,0.391627198,0.402226397,31.02327724,4.062739528
329,12.5,0.25,0.25,26.11111111111111,13.277777777777779,24.0,0.476054066,0.433407697,34.33849206,5.399861131
118,12.5,0.25,0.25,26.11111111111111,13.277777777777779,1.0,0.609612922,0.504526655,42.50248162,7.945187841
15,37.5,0.25,0.25,22.16666666666667,10.444444444444443,24.0,0.350136522,0.389381151,29.55021089,3.387785165
610,25.0,0.5,0.25,18.166666666666668,7.666666666666665,1.0,0.510668562,0.452680279,36.3863589,6.279338501
42,25.0,0.25,0.25,26.11111111111111,13.277777777777779,16.0,0.419015102,0.41553133,32.28899894,4.546786741
651,25.0,0.5,0.38,26.11111111111111,13.277777777777779,16.0,0.52332906,0.463275619,37.72210168,6.328893321
174,12.5,0.25,0.25,14.555555555555555,5.1111111111111125,1.0,0.535364693,0.442557129,37.11047048,7.130830014
328,12.5,0.25,0.25,22.16666666666667,10.444444444444443,34.0,0.494584864,0.44252903,35.28592597,5.729715055
774,20.0,0.537,0.117,22.16666666666667,10.444444444444443,24.0,0.404617089,0.40166998,30.74824045,4.203027624000001
567,25.0,0.5,0.25,14.555555555555555,5.1111111111111125,24.0,0.429580755,0.391524096,31.10161493,4.945794431
93,12.5,0.25,0.25,14.555555555555555,5.1111111111111125,16.0,0.52950023,0.442248924,36.80503364,6.394077909
346,12.5,0.25,0.25,26.11111111111111,13.277777777777779,34.0,0.450593944,0.420598245,32.81196654,4.813452846000001
700,25.0,0.5,0.38,26.11111111111111,13.277777777777779,1.0,0.525947983,0.46389552,37.72398079,6.422922094
623,25.0,0.5,0.25,26.11111111111111,13.277777777777779,24.0,0.407072571,0.409248903,31.78225878,4.587385566
153,12.5,0.25,0.25,26.11111111111111,13.277777777777779,24.0,0.401490054,0.399530934,30.59699446,4.228818878
116,12.5,0.25,0.25,22.16666666666667,10.444444444444443,1.0,0.629606256,0.521691969,44.72163541,8.247521164
514,25.0,0.5,0.25,18.166666666666668,7.666666666666665,1.0,0.527189908,0.463020067,37.62977375,6.526988187
767,20.0,0.0,0.585,22.16666666666667,10.444444444444443,3.77,0.599984054,0.52979144,46.58510536,7.575801245
314,12.5,0.25,0.25,26.11111111111111,13.277777777777779,34.0,0.408487848,0.400980125,30.60468328,4.281526189999999
654,25.0,0.5,0.38,22.16666666666667,10.444444444444443,34.0,0.421448998,0.414830175,32.16492155,4.558980717000001
18,37.5,0.25,0.25,26.11111111111111,13.277777777777779,34.0,0.233554492,0.335338738,24.32062733,1.9455306149999998
23,37.5,0.25,0.25,18.166666666666668,7.666666666666665,24.0,0.384633032,0.40383899,31.10924166,3.837512961
276,12.5,0.25,0.25,22.16666666666667,10.444444444444443,1.0,0.611993912,0.506604757,42.82737534,8.013626308
30,25.0,0.25,0.25,22.16666666666667,10.444444444444443,34.0,0.320417393,0.372179064,27.8743632,2.98805944
560,25.0,0.5,0.25,26.11111111111111,13.277777777777779,34.0,0.32833671,0.37718413,28.21340501,3.447082101
0,37.5,0.75,0.25,22.16666666666667,10.444444444444443,16.0,0.410652063,0.408159008,31.67889844,3.8131657949999997
72,12.5,0.25,0.25,22.16666666666667,10.444444444444443,34.0,0.416271363,0.409438226,31.57755786,4.350424670000001
580,25.0,0.5,0.25,14.555555555555555,5.1111111111111125,1.0,0.464824509,0.408038131,32.66436708,5.741314175
529,25.0,0.5,0.25,18.166666666666668,7.666666666666665,16.0,0.50476135,0.451905492,36.41565722,6.237206052
327,12.5,0.25,0.25,22.16666666666667,10.444444444444443,24.0,0.555210358,0.470846733,38.42153319,6.554976861
533,25.0,0.5,0.25,18.166666666666668,7.666666666666665,24.0,0.47771355,0.439422701,34.87061011,5.602022928999999
115,12.5,0.25,0.25,22.16666666666667,10.444444444444443,16.0,0.611725787,0.506024348,42.68661357,7.924516776000001
309,12.5,0.25,0.25,26.11111111111111,13.277777777777779,16.0,0.56581933,0.476002331,39.04659266,6.8064926880000005
372,12.5,0.25,0.38,22.16666666666667,10.444444444444443,1.0,0.645640994,0.532222816,45.95298911,8.671716806000001
541,25.0,0.5,0.25,22.16666666666667,10.444444444444443,24.0,0.460205797,0.431122059,33.94201411,5.128163506
548,25.0,0.5,0.25,14.555555555555555,5.1111111111111125,1.0,0.461465413,0.405558182,32.60317761,6.058648764
487,25.0,0.5,0.25,14.555555555555555,5.1111111111111125,24.0,0.442693354,0.398804938,31.85521692,5.016741592000001
24,37.5,0.25,0.25,18.166666666666668,7.666666666666665,34.0,0.346410766,0.387580455,29.2486781,3.269271761
616,25.0,0.5,0.25,14.555555555555555,5.1111111111111125,34.0,0.408797854,0.389204379,30.73453761,4.574813873
199,12.5,0.25,0.25,22.16666666666667,10.444444444444443,24.0,0.556301788,0.476149113,39.1606042,6.717446272
205,12.5,0.25,0.25,14.555555555555555,5.1111111111111125,16.0,0.535894701,0.442865602,36.92483932,6.846006857
320,12.5,0.25,0.25,18.166666666666668,7.666666666666665,34.0,0.555726691,0.470719472,38.38301202,6.645569975
331,12.5,0.25,0.25,18.166666666666668,7.666666666666665,16.0,0.586602539,0.488568502,40.63849594,7.4288344230000005
735,25.0,0.5,0.38,26.11111111111111,13.277777777777779,24.0,0.436893878,0.423246366,33.3406292,5.009962222
336,12.5,0.25,0.25,18.166666666666668,7.666666666666665,34.0,0.565976484,0.478162473,39.33777176,6.852979712000001
658,25.0,0.5,0.38,18.166666666666668,7.666666666666665,1.0,0.559215109,0.479010781,39.47518677,7.085063077
718,25.0,0.5,0.38,22.16666666666667,10.444444444444443,34.0,0.440473059,0.427430828,33.749712,4.926279024
311,12.5,0.25,0.25,22.16666666666667,10.444444444444443,24.0,0.544066693,0.464561582,37.67828481,6.514638992999999
444,12.5,0.25,0.38,18.166666666666668,7.666666666666665,1.0,0.631417034,0.521136035,44.59947057,8.413659664999999
750,25.0,0.5,0.38,22.16666666666667,10.444444444444443,34.0,0.423038771,0.416537797,32.41723682,4.710858645999999
264,12.5,0.25,0.25,22.16666666666667,10.444444444444443,34.0,0.464260194,0.428903862,33.74349354,5.124854901
748,25.0,0.5,0.38,26.11111111111111,13.277777777777779,1.0,0.543722877,0.474952374,39.15823782,6.687259259
605,25.0,0.5,0.25,22.16666666666667,10.444444444444443,24.0,0.454381334,0.42782472,33.55926075,5.23603334
579,25.0,0.5,0.25,14.555555555555555,5.1111111111111125,16.0,0.465538066,0.419747673,33.84707944,5.556374603999999
308,12.5,0.25,0.25,22.16666666666667,10.444444444444443,1.0,0.603545036,0.497978979,41.6216451,7.738881709
295,12.5,0.25,0.25,22.16666666666667,10.444444444444443,24.0,0.566645314,0.478935976,39.38136072,6.9016589370000005
690,25.0,0.5,0.38,18.166666666666668,7.666666666666665,1.0,0.576561833,0.490467439,40.84711944,7.8046279510000005
676,25.0,0.5,0.38,14.555555555555555,5.1111111111111125,1.0,0.502785174,0.430113965,35.52053432,6.702780378000001
282,12.5,0.25,0.25,26.11111111111111,13.277777777777779,34.0,0.424574228,0.408610007,31.44274436,4.568672171999999
677,25.0,0.5,0.38,18.166666666666668,7.666666666666665,24.0,0.520587192,0.46326367,37.74750888,6.263807879
148,12.5,0.25,0.25,22.16666666666667,10.444444444444443,1.0,0.594364445,0.494164753,41.19101338,7.411174570999999
470,25.0,0.5,0.25,18.166666666666668,7.666666666666665,34.0,0.440365017,0.423763672,33.12590428,4.694608192
348,12.5,0.25,0.25,18.166666666666668,7.666666666666665,1.0,0.596036127,0.492748552,40.99850428,7.7068813689999995
105,12.5,0.25,0.25,26.11111111111111,13.277777777777779,24.0,0.44371199,0.420093742,32.88840203,4.853807603
463,25.0,0.5,0.25,26.11111111111111,13.277777777777779,24.0,0.353235517,0.383470679,28.94869929,3.6263665339999998
114,12.5,0.25,0.25,14.555555555555555,5.1111111111111125,34.0,0.448841436,0.397617195,31.77298278,5.063851086
234,12.5,0.25,0.25,26.11111111111111,13.277777777777779,34.0,0.404446048,0.401091418,30.66522059,4.100759169
620,25.0,0.5,0.25,26.11111111111111,13.277777777777779,1.0,0.507115625,0.451012573,36.14878201,6.315233209
369,12.5,0.25,0.38,14.555555555555555,5.1111111111111125,24.0,0.55195445,0.455560504,38.4173944,7.080040043
406,12.5,0.25,0.38,26.11111111111111,13.277777777777779,1.0,0.619887727,0.514873193,43.84410679,8.104934973999999
49,25.0,0.25,0.25,18.166666666666668,7.666666666666665,1.0,0.515771805,0.45981941,37.3001964,6.318708722
243,12.5,0.25,0.25,22.16666666666667,10.444444444444443,16.0,0.608930974,0.502062222,42.16770498,7.761157959999999
302,12.5,0.25,0.25,14.555555555555555,5.1111111111111125,1.0,0.524577301,0.434863988,36.04067528,6.614219308
278,12.5,0.25,0.25,26.11111111111111,13.277777777777779,1.0,0.592156153,0.489992416,40.64163782,7.297732097
179,12.5,0.25,0.25,22.16666666666667,10.444444444444443,16.0,0.599023157,0.499607522,41.94865711,7.556109909
201,12.5,0.25,0.25,26.11111111111111,13.277777777777779,24.0,0.46274257,0.426679269,33.60574758,5.225163069000001
157,12.5,0.25,0.25,14.555555555555555,5.1111111111111125,16.0,0.520637077,0.43491928,35.89130977,6.376662564999999
231,12.5,0.25,0.25,22.16666666666667,10.444444444444443,24.0,0.550116044,0.471871207,38.6454264,6.626851498
536,25.0,0.5,0.25,14.555555555555555,5.1111111111111125,34.0,0.384981338,0.373856466,29.08514833,4.112893488
612,25.0,0.5,0.25,14.555555555555555,5.1111111111111125,1.0,0.46424992,0.409987805,33.0201908,5.90233288
708,25.0,0.5,0.38,14.555555555555555,5.1111111111111125,1.0,0.500207249,0.431267232,35.31400484,6.543971817
611,25.0,0.5,0.25,14.555555555555555,5.1111111111111125,16.0,0.458581988,0.408444733,32.78937613,5.83498164
686,25.0,0.5,0.38,22.16666666666667,10.444444444444443,34.0,0.446141264,0.426437069,33.44212024,5.004154338
298,12.5,0.25,0.25,26.11111111111111,13.277777777777779,34.0,0.442869304,0.416802269,32.34445707,4.740015047
673,25.0,0.5,0.38,18.166666666666668,7.666666666666665,16.0,0.542170237,0.471161461,38.69800786,6.992823141
604,25.0,0.5,0.25,26.11111111111111,13.277777777777779,1.0,0.502398084,0.453649741,36.60011315,6.019262475000001
297,12.5,0.25,0.25,26.11111111111111,13.277777777777779,24.0,0.49739138,0.443754909,35.50118221,5.71185174
352,12.5,0.25,0.25,18.166666666666668,7.666666666666665,34.0,0.57272491,0.481279313,39.69681287,7.019694384
32,25.0,0.25,0.25,26.11111111111111,13.277777777777779,34.0,0.262139643,0.349353787,25.43353016,2.384728916
601,25.0,0.5,0.25,22.16666666666667,10.444444444444443,16.0,0.490242145,0.443889013,35.43484314,5.772910164
204,12.5,0.25,0.25,18.166666666666668,7.666666666666665,1.0,0.617868887,0.510839162,43.3126693,8.212792891
125,12.5,0.25,0.25,14.555555555555555,5.1111111111111125,16.0,0.546174929,0.451546571,37.80745277,6.9228467920000005
175,12.5,0.25,0.25,18.166666666666668,7.666666666666665,24.0,0.551775489,0.470176914,38.38162699,6.628763630000001
565,25.0,0.5,0.25,18.166666666666668,7.666666666666665,24.0,0.4693892,0.433737787,34.13758465,5.330062031000001
518,25.0,0.5,0.25,18.166666666666668,7.666666666666665,34.0,0.449877074,0.42727728,33.52074419,4.968601171
235,12.5,0.25,0.25,18.166666666666668,7.666666666666665,16.0,0.589306067,0.488615886,40.54647951,7.560205645
110,12.5,0.25,0.25,14.555555555555555,5.1111111111111125,1.0,0.541415007,0.446912521,37.52543015,6.870342118
95,12.5,0.25,0.25,18.166666666666668,7.666666666666665,24.0,0.545094508,0.468493268,38.143078,6.475894556
648,25.0,0.5,0.25,14.555555555555555,5.1111111111111125,34.0,0.41545835,0.392836179,31.10253472,4.865399969
20,37.5,0.25,0.25,18.166666666666668,7.666666666666665,1.0,0.454737417,0.435620773,34.70788043,4.830959809
691,25.0,0.5,0.38,14.555555555555555,5.1111111111111125,16.0,0.499125312,0.430330293,35.22201111,6.493258285
635,25.0,0.5,0.25,26.11111111111111,13.277777777777779,16.0,0.492809568,0.444139023,35.34533175,5.64903716
28,25.0,0.25,0.25,26.11111111111111,13.277777777777779,1.0,0.425010896,0.417545412,32.46088718,4.476811464000001
277,12.5,0.25,0.25,26.11111111111111,13.277777777777779,16.0,0.579981861,0.48518887,40.17821466,7.231027782
632,25.0,0.5,0.25,14.555555555555555,5.1111111111111125,34.0,0.390657895,0.37863215,29.46743356,4.163823044
284,12.5,0.25,0.25,18.166666666666668,7.666666666666665,1.0,0.59248944,0.491124144,40.81318096,7.588360961
397,12.5,0.25,0.38,14.555555555555555,5.1111111111111125,16.0,0.576589776,0.474776543,40.65549833,7.66783619
256,12.5,0.25,0.25,18.166666666666668,7.666666666666665,34.0,0.578556842,0.486632377,40.36001849,7.175068982
184,12.5,0.25,0.25,22.16666666666667,10.444444444444443,34.0,0.469925759,0.432722017,34.18362679,5.347513929
447,12.5,0.25,0.38,18.166666666666668,7.666666666666665,24.0,0.611397858,0.503663416,42.33632715,7.800501276
586,25.0,0.5,0.25,22.16666666666667,10.444444444444443,1.0,0.542163836,0.471828735,38.70569591,7.004015537
211,12.5,0.25,0.25,22.16666666666667,10.444444444444443,16.0,0.585434474,0.488638858,40.56322545,7.380633802999999
643,25.0,0.5,0.25,14.555555555555555,5.1111111111111125,16.0,0.464972316,0.413380913,33.34012862,6.013407593
89,12.5,0.25,0.25,26.11111111111111,13.277777777777779,24.0,0.427005551,0.411590845,31.87518207,4.590823341
376,12.5,0.25,0.38,22.16666666666667,10.444444444444443,34.0,0.509989204,0.45386752,36.68541263,5.74756017
228,12.5,0.25,0.25,22.16666666666667,10.444444444444443,1.0,0.619453149,0.50952792,43.07173864,8.109230504
191,12.5,0.25,0.25,18.166666666666668,7.666666666666665,24.0,0.568062152,0.479607332,39.47432437,6.8366008140000005
427,12.5,0.25,0.38,18.166666666666668,7.666666666666665,16.0,0.622419314,0.513585375,43.65957738,8.157236939
712,25.0,0.5,0.38,14.555555555555555,5.1111111111111125,34.0,0.42213693,0.394711432,31.11988062,4.641001513999999
626,25.0,0.5,0.25,18.166666666666668,7.666666666666665,1.0,0.532482559,0.465680233,37.90850822,6.752016952
699,25.0,0.5,0.38,26.11111111111111,13.277777777777779,16.0,0.520756415,0.460795368,37.38218685,6.274934837
624,25.0,0.5,0.25,26.11111111111111,13.277777777777779,34.0,0.354086468,0.388135964,29.37301155,3.712997856
532,25.0,0.5,0.25,14.555555555555555,5.1111111111111125,1.0,0.475118209,0.418867231,34.0430221,5.722576764
669,25.0,0.5,0.38,22.16666666666667,10.444444444444443,24.0,0.498058212,0.453507667,36.68258785,5.946158422000001
563,25.0,0.5,0.25,14.555555555555555,5.1111111111111125,16.0,0.458246439,0.405898222,32.59242207,5.628710525000001
27,25.0,0.25,0.25,26.11111111111111,13.277777777777779,16.0,0.403310637,0.41009134,31.66559817,4.248355053999999
730,25.0,0.5,0.38,22.16666666666667,10.444444444444443,1.0,0.565324698,0.482227496,39.82088488,7.423469876
216,12.5,0.25,0.25,22.16666666666667,10.444444444444443,34.0,0.451083154,0.424728104,33.32452765,4.975885376
248,12.5,0.25,0.25,22.16666666666667,10.444444444444443,34.0,0.506104448,0.449306369,36.04045222,5.828732121
189,12.5,0.25,0.25,14.555555555555555,5.1111111111111125,16.0,0.543966758,0.448597173,37.53578671,6.836397281
592,25.0,0.5,0.25,26.11111111111111,13.277777777777779,34.0,0.350874635,0.384432592,29.05187144,3.511537898
391,12.5,0.25,0.38,22.16666666666667,10.444444444444443,24.0,0.601357636,0.50251773,42.24537298,7.57639253
443,12.5,0.25,0.38,18.166666666666668,7.666666666666665,16.0,0.621810512,0.511053454,43.24204733,8.173589103
70,12.5,0.25,0.25,26.11111111111111,13.277777777777779,1.0,0.547743879,0.471665153,38.70734774,6.564958302
287,12.5,0.25,0.25,18.166666666666668,7.666666666666665,24.0,0.569713565,0.480106144,39.58916872,6.942396304
668,25.0,0.5,0.38,26.11111111111111,13.277777777777779,1.0,0.538550337,0.473993739,39.09961353,6.643901898
743,25.0,0.5,0.38,14.555555555555555,5.1111111111111125,24.0,0.489723491,0.426371416,34.97653895,5.94589951
637,25.0,0.5,0.25,22.16666666666667,10.444444444444443,24.0,0.469631675,0.434132503,34.2751629,5.498583951
21,37.5,0.25,0.25,14.555555555555555,5.1111111111111125,16.0,0.392540298,0.391582692,30.88504716,3.911422247
756,25.0,0.5,0.38,14.555555555555555,5.1111111111111125,1.0,0.502842336,0.430368732,35.18597077,6.374444297
627,25.0,0.5,0.25,14.555555555555555,5.1111111111111125,16.0,0.444479717,0.395435754,31.64262219,5.388503689999999
430,12.5,0.25,0.38,14.555555555555555,5.1111111111111125,1.0,0.557376524,0.45826996,38.77478764,7.317951035
722,25.0,0.5,0.38,18.166666666666668,7.666666666666665,1.0,0.551234401,0.477126551,39.33251373,6.8427605620000005
368,12.5,0.25,0.38,18.166666666666668,7.666666666666665,34.0,0.587276072,0.494588902,41.40492886,7.174664896
335,12.5,0.25,0.25,18.166666666666668,7.666666666666665,24.0,0.569935673,0.476836137,39.06314597,6.929554801
545,25.0,0.5,0.25,18.166666666666668,7.666666666666665,16.0,0.518626455,0.460895865,37.45346655,6.370898867
219,12.5,0.25,0.25,18.166666666666668,7.666666666666665,16.0,0.575902218,0.480382567,39.49160012,7.1593366640000005
233,12.5,0.25,0.25,26.11111111111111,13.277777777777779,24.0,0.463097152,0.428118259,33.79678871,5.323300337
223,12.5,0.25,0.25,18.166666666666668,7.666666666666665,24.0,0.5561803,0.472270742,38.62163873,6.638656487
455,12.5,0.25,0.38,22.16666666666667,10.444444444444443,24.0,0.575785764,0.486816771,40.39944387,7.101757831
414,12.5,0.25,0.38,14.555555555555555,5.1111111111111125,1.0,0.559324725,0.459383737,38.84880688,7.357358903000001
288,12.5,0.25,0.25,18.166666666666668,7.666666666666665,34.0,0.557250655,0.472521274,38.6254357,6.708241295
641,25.0,0.5,0.25,18.166666666666668,7.666666666666665,16.0,0.509158377,0.450886886,36.13019216,6.236707106
160,12.5,0.25,0.25,18.166666666666668,7.666666666666665,34.0,0.517169415,0.454160581,36.46620322,5.817185275
542,25.0,0.5,0.25,22.16666666666667,10.444444444444443,34.0,0.40294843,0.409260571,31.70230081,4.3877418530000005
366,12.5,0.25,0.38,14.555555555555555,5.1111111111111125,1.0,0.553185654,0.455065287,38.61011529,7.29010652
347,12.5,0.25,0.25,18.166666666666668,7.666666666666665,16.0,0.58337988,0.484307576,39.95364888,7.443624455999999
747,25.0,0.5,0.38,26.11111111111111,13.277777777777779,16.0,0.529162599,0.466670798,38.15150253,6.594044595000001
474,25.0,0.5,0.25,22.16666666666667,10.444444444444443,1.0,0.533820778,0.467852649,38.17659701,6.731618436
458,25.0,0.5,0.25,22.16666666666667,10.444444444444443,1.0,0.517723246,0.45968428,37.32322478,6.392356672
258,12.5,0.25,0.25,14.555555555555555,5.1111111111111125,34.0,0.47960301,0.417365455,33.97877886,5.830488555
549,25.0,0.5,0.25,18.166666666666668,7.666666666666665,24.0,0.492545864,0.447536765,35.88401108,5.5030958309999995
52,12.5,0.25,0.25,22.16666666666667,10.444444444444443,1.0,0.561962455,0.476308423,39.09688443,6.691043218
617,25.0,0.5,0.25,22.16666666666667,10.444444444444443,16.0,0.506346175,0.452100321,36.3623002,6.190665974
483,25.0,0.5,0.25,14.555555555555555,5.1111111111111125,16.0,0.476364762,0.420400914,33.95797729,5.867997216
94,12.5,0.25,0.25,14.555555555555555,5.1111111111111125,1.0,0.54259037,0.445382693,37.23938598,7.152132587
462,25.0,0.5,0.25,22.16666666666667,10.444444444444443,34.0,0.371183688,0.394606103,30.11060535,3.834574804
452,12.5,0.25,0.38,22.16666666666667,10.444444444444443,1.0,0.63346314,0.5251356,45.20294287,8.570913533
577,25.0,0.5,0.25,18.166666666666668,7.666666666666665,16.0,0.498218761,0.450786211,36.39193423,6.107382466
104,12.5,0.25,0.25,22.16666666666667,10.444444444444443,34.0,0.467569149,0.432109831,34.17462527,5.1509428889999995
642,25.0,0.5,0.25,18.166666666666668,7.666666666666665,1.0,0.53255682,0.467558508,38.1617313,7.005038599000001
591,25.0,0.5,0.25,26.11111111111111,13.277777777777779,24.0,0.400444088,0.403128905,31.08154655,4.572126366
353,12.5,0.25,0.25,14.555555555555555,5.1111111111111125,24.0,0.528886613,0.439104197,36.2542016,6.60890751
698,25.0,0.5,0.38,22.16666666666667,10.444444444444443,1.0,0.558537787,0.480847944,39.8226933,7.117950381
757,25.0,0.5,0.38,18.166666666666668,7.666666666666665,24.0,0.5138891,0.458966196,37.20955415,6.180951419
589,25.0,0.5,0.25,22.16666666666667,10.444444444444443,24.0,0.476126065,0.437922725,34.66515546,5.393564335
543,25.0,0.5,0.25,26.11111111111111,13.277777777777779,24.0,0.404225284,0.407940293,31.60733169,4.5761007110000005
241,12.5,0.25,0.25,14.555555555555555,5.1111111111111125,24.0,0.538371386,0.446570029,36.98857322,6.771722906
333,12.5,0.25,0.25,14.555555555555555,5.1111111111111125,16.0,0.529163709,0.438095887,36.25083805,6.749518191
71,12.5,0.25,0.25,22.16666666666667,10.444444444444443,24.0,0.489823352,0.438875462,34.7014352,5.347718939
356,12.5,0.25,0.38,22.16666666666667,10.444444444444443,1.0,0.641480254,0.528322189,45.47838117,8.711208961
6,37.5,0.75,0.25,26.11111111111111,13.277777777777779,24.0,0.284442614,0.352186419,26.10117938,2.6252691639999997
517,25.0,0.5,0.25,18.166666666666668,7.666666666666665,24.0,0.466297848,0.434276914,34.33876109,5.299661325
403,12.5,0.25,0.38,22.16666666666667,10.444444444444443,16.0,0.615611893,0.510575061,43.29398449,8.007206207
644,25.0,0.5,0.25,14.555555555555555,5.1111111111111125,1.0,0.478000734,0.41951938,34.20555034,6.260473628
478,25.0,0.5,0.25,22.16666666666667,10.444444444444443,34.0,0.385503456,0.401275192,30.79561296,3.9980541560000002
499,25.0,0.5,0.25,14.555555555555555,5.1111111111111125,16.0,0.463039338,0.408171177,32.69048728,5.462133945
524,25.0,0.5,0.25,26.11111111111111,13.277777777777779,1.0,0.488047919,0.442789316,35.20741312,5.637984297
764,20.0,0.537,0.117,22.16666666666667,10.444444444444443,3.77,0.408178454,0.403204844,30.90686128,4.225961314
61,12.5,0.25,0.25,14.555555555555555,5.1111111111111125,16.0,0.498793068,0.42403139,34.78799327,5.876960007
482,25.0,0.5,0.25,18.166666666666668,7.666666666666665,1.0,0.536899811,0.467854471,38.23520379,6.747597792
445,12.5,0.25,0.38,14.555555555555555,5.1111111111111125,16.0,0.566719686,0.463806532,39.36457911,7.565104163
62,12.5,0.25,0.25,14.555555555555555,5.1111111111111125,1.0,0.511480554,0.43226586,35.57209886,6.244195761
431,12.5,0.25,0.38,18.166666666666668,7.666666666666665,24.0,0.600435148,0.500524535,42.0271829,7.564774933
37,25.0,0.25,0.25,18.166666666666668,7.666666666666665,24.0,0.426064568,0.42018755,32.84923819,4.356945873
751,25.0,0.5,0.38,26.11111111111111,13.277777777777779,24.0,0.410253857,0.408851197,31.6656798,4.41844126
128,12.5,0.25,0.25,18.166666666666668,7.666666666666665,34.0,0.574989422,0.485099788,40.17143065,7.044567605
762,20.0,18.43,0.0,22.16666666666667,10.444444444444443,3.77,0.559628479,0.364936839,27.10639138,6.131309379999999
758,25.0,0.5,0.38,18.166666666666668,7.666666666666665,34.0,0.496826261,0.447095519,35.75622341,5.700243243
165,12.5,0.25,0.25,26.11111111111111,13.277777777777779,16.0,0.542133036,0.465157167,37.83085922,6.28191711
531,25.0,0.5,0.25,14.555555555555555,5.1111111111111125,16.0,0.450822025,0.401931944,32.31099546,5.336974729
7,37.5,0.75,0.25,26.11111111111111,13.277777777777779,34.0,0.246568004,0.342825548,25.0423614,2.379905214
687,25.0,0.5,0.38,26.11111111111111,13.277777777777779,24.0,0.437424398,0.423861178,33.3532206,4.913222919
38,25.0,0.25,0.25,18.166666666666668,7.666666666666665,34.0,0.393394771,0.404796043,31.1279858,3.822981667
600,25.0,0.5,0.25,14.555555555555555,5.1111111111111125,34.0,0.38581266,0.375406416,29.13659362,4.245285732
400,12.5,0.25,0.38,18.166666666666668,7.666666666666665,34.0,0.606612254,0.507221731,42.93997745,7.778349159
679,25.0,0.5,0.38,14.555555555555555,5.1111111111111125,24.0,0.478469338,0.421839609,34.26003436,5.695564416
90,12.5,0.25,0.25,26.11111111111111,13.277777777777779,34.0,0.369603345,0.388525442,29.31600198,3.7082050239999997
12,37.5,0.25,0.25,22.16666666666667,10.444444444444443,1.0,0.437374738,0.426773305,33.53267475,4.7685943690000006
719,25.0,0.5,0.38,26.11111111111111,13.277777777777779,24.0,0.425493214,0.418732102,32.85641894,4.575769909
538,25.0,0.5,0.25,22.16666666666667,10.444444444444443,1.0,0.532303678,0.464892019,37.78237359,6.520897596
439,12.5,0.25,0.38,22.16666666666667,10.444444444444443,24.0,0.589622441,0.495898084,41.54582317,7.340460767
286,12.5,0.25,0.25,14.555555555555555,5.1111111111111125,1.0,0.538048419,0.445134287,36.96933887,6.941824131000001
144,12.5,0.25,0.25,18.166666666666668,7.666666666666665,34.0,0.488308859,0.441470296,35.11873926,5.402484081
551,25.0,0.5,0.25,14.555555555555555,5.1111111111111125,24.0,0.459087683,0.406869398,32.70643359,5.663065794
509,25.0,0.5,0.25,22.16666666666667,10.444444444444443,24.0,0.447040787,0.425532717,33.3649925,4.930619033
413,12.5,0.25,0.38,14.555555555555555,5.1111111111111125,16.0,0.56383312,0.462547404,39.20306912,7.43434904
597,25.0,0.5,0.25,18.166666666666668,7.666666666666665,24.0,0.4965362,0.451036893,36.28998253,6.135699979
561,25.0,0.5,0.25,18.166666666666668,7.666666666666665,16.0,0.496019026,0.445284233,35.48354994,6.292429621
477,25.0,0.5,0.25,22.16666666666667,10.444444444444443,24.0,0.45682495,0.433081146,34.30007912,4.966779453
117,12.5,0.25,0.25,26.11111111111111,13.277777777777779,16.0,0.58249065,0.488112101,40.57450377,7.230132504
97,12.5,0.25,0.25,14.555555555555555,5.1111111111111125,24.0,0.509560238,0.429376052,35.37945168,6.254829217
25,25.0,0.25,0.25,22.16666666666667,10.444444444444443,16.0,0.433014308,0.4228466,33.11609108,4.503161855999999
636,25.0,0.5,0.25,26.11111111111111,13.277777777777779,1.0,0.52380127,0.463058596,37.69400303,6.515261449
163,12.5,0.25,0.25,22.16666666666667,10.444444444444443,16.0,0.582848693,0.487056813,40.37019338,7.198422854
81,12.5,0.25,0.25,14.555555555555555,5.1111111111111125,24.0,0.492076861,0.422051395,34.43568098,5.647712261
361,12.5,0.25,0.38,26.11111111111111,13.277777777777779,24.0,0.4745752,0.436042539,34.68201491,5.296611091
133,12.5,0.25,0.25,26.11111111111111,13.277777777777779,16.0,0.500437501,0.444587916,35.38461174,5.643360448
1,37.5,0.75,0.25,22.16666666666667,10.444444444444443,1.0,0.444254359,0.425457642,33.44938499,4.947605663
573,25.0,0.5,0.25,22.16666666666667,10.444444444444443,24.0,0.454725217,0.427937649,33.55813441,5.046457343
19,37.5,0.25,0.25,18.166666666666668,7.666666666666665,16.0,0.426228043,0.423988312,33.29902167,4.310625398
29,25.0,0.25,0.25,22.16666666666667,10.444444444444443,24.0,0.376670148,0.396533319,30.21832512,3.662183125
334,12.5,0.25,0.25,14.555555555555555,5.1111111111111125,1.0,0.527742687,0.438514042,36.31114278,6.869777604
501,25.0,0.5,0.25,18.166666666666668,7.666666666666665,24.0,0.476807761,0.438231396,34.74417997,5.429681612
745,25.0,0.5,0.38,22.16666666666667,10.444444444444443,16.0,0.545028739,0.473660277,38.94515185,6.707592585
350,12.5,0.25,0.25,14.555555555555555,5.1111111111111125,1.0,0.523070143,0.435584965,35.90984596,6.620098774
83,12.5,0.25,0.25,22.16666666666667,10.444444444444443,16.0,0.575589557,0.482874674,39.83192591,6.986809961
495,25.0,0.5,0.25,26.11111111111111,13.277777777777779,24.0,0.394441163,0.402728888,31.0382623,4.178772056
330,12.5,0.25,0.25,26.11111111111111,13.277777777777779,34.0,0.429210588,0.409976946,31.57410804,4.580392997
53,12.5,0.25,0.25,26.11111111111111,13.277777777777779,16.0,0.490965919,0.442193092,35.13495468,5.501878077000001
776,20.0,0.537,0.117,18.666666666666664,7.3888888888888875,24.0,0.384646205,0.392302807,29.74258268,3.9431316809999997
173,12.5,0.25,0.25,14.555555555555555,5.1111111111111125,16.0,0.526681768,0.438026493,36.25720816,6.574182468
436,12.5,0.25,0.38,22.16666666666667,10.444444444444443,1.0,0.644329005,0.529501569,45.61979691,8.655676437
488,25.0,0.5,0.25,14.555555555555555,5.1111111111111125,34.0,0.384610827,0.376874346,29.3286186,4.167451239
657,25.0,0.5,0.38,18.166666666666668,7.666666666666665,16.0,0.534251703,0.467723959,38.19630554,6.503272041
710,25.0,0.5,0.38,18.166666666666668,7.666666666666665,34.0,0.493693466,0.447597174,35.84349356,5.597022161
466,25.0,0.5,0.25,18.166666666666668,7.666666666666665,1.0,0.530916639,0.463152392,37.5842361,6.595901576999999
728,25.0,0.5,0.38,14.555555555555555,5.1111111111111125,34.0,0.427020997,0.393418576,31.37824094,4.644601168
656,25.0,0.5,0.38,26.11111111111111,13.277777777777779,34.0,0.358261487,0.388145286,29.38856018,3.3967298890000004
423,12.5,0.25,0.38,22.16666666666667,10.444444444444443,24.0,0.582604099,0.492693356,41.17620131,7.303588120000001
149,12.5,0.25,0.25,26.11111111111111,13.277777777777779,16.0,0.524887803,0.45782887,36.97636061,5.934010884
516,25.0,0.5,0.25,14.555555555555555,5.1111111111111125,1.0,0.460126356,0.407704613,32.81456057,5.575394470999999
218,12.5,0.25,0.25,26.11111111111111,13.277777777777779,34.0,0.385021951,0.393118491,29.80324762,3.804610168
494,25.0,0.5,0.25,22.16666666666667,10.444444444444443,34.0,0.386657299,0.40030353,30.68558673,4.200973747
464,25.0,0.5,0.25,26.11111111111111,13.277777777777779,34.0,0.308856187,0.366977261,27.19065136,2.946926015
143,12.5,0.25,0.25,18.166666666666668,7.666666666666665,24.0,0.511830268,0.452027468,36.30184732,5.864128447
126,12.5,0.25,0.25,14.555555555555555,5.1111111111111125,1.0,0.549794912,0.453558339,38.3054111,7.215409708999999
152,12.5,0.25,0.25,22.16666666666667,10.444444444444443,34.0,0.435965493,0.417486081,32.514844,4.673380523
238,12.5,0.25,0.25,14.555555555555555,5.1111111111111125,1.0,0.527399614,0.437354261,36.3854328,6.677624427
535,25.0,0.5,0.25,14.555555555555555,5.1111111111111125,24.0,0.426173511,0.388167887,30.79835142,4.924357361999999
729,25.0,0.5,0.38,22.16666666666667,10.444444444444443,16.0,0.548124898,0.475847288,39.18303615,6.754448935
247,12.5,0.25,0.25,22.16666666666667,10.444444444444443,24.0,0.567958657,0.477778535,39.23966787,6.8629083920000005
108,12.5,0.25,0.25,18.166666666666668,7.666666666666665,1.0,0.622622866,0.513260507,43.55016374,8.174463377
383,12.5,0.25,0.38,18.166666666666668,7.666666666666665,24.0,0.600388431,0.501204063,42.12881916,7.604315838000001
337,12.5,0.25,0.25,14.555555555555555,5.1111111111111125,24.0,0.514537018,0.430253104,35.41408191,6.335296388
754,25.0,0.5,0.38,18.166666666666668,7.666666666666665,1.0,0.558394035,0.478666426,39.44864975,7.184013843
44,25.0,0.25,0.25,22.16666666666667,10.444444444444443,24.0,0.391964935,0.401397435,30.68639758,4.045479657
405,12.5,0.25,0.38,26.11111111111111,13.277777777777779,16.0,0.603524723,0.50404651,42.53222072,7.455416383
613,25.0,0.5,0.25,18.166666666666668,7.666666666666665,24.0,0.477641079,0.439395296,34.89511705,5.639445205
506,25.0,0.5,0.25,22.16666666666667,10.444444444444443,1.0,0.511413154,0.454080207,36.54153349,6.109850467
324,12.5,0.25,0.25,22.16666666666667,10.444444444444443,1.0,0.610993712,0.503636289,42.40915749,7.9639393069999995
688,25.0,0.5,0.38,26.11111111111111,13.277777777777779,34.0,0.390063566,0.402362581,30.87322424,4.010552148
168,12.5,0.25,0.25,22.16666666666667,10.444444444444443,34.0,0.447668818,0.423013398,33.08835541,4.850037463
137,12.5,0.25,0.25,26.11111111111111,13.277777777777779,24.0,0.387351145,0.394915268,30.12737627,4.016361596
422,12.5,0.25,0.38,26.11111111111111,13.277777777777779,1.0,0.631790257,0.524273231,45.06919216,8.28485461
220,12.5,0.25,0.25,18.166666666666668,7.666666666666665,1.0,0.608344644,0.50146507,42.11266981,7.933302352
225,12.5,0.25,0.25,14.555555555555555,5.1111111111111125,24.0,0.520592483,0.435291285,35.72822346,6.320238926
454,12.5,0.25,0.38,26.11111111111111,13.277777777777779,1.0,0.617635584,0.513208594,43.67027165,8.086388809
519,25.0,0.5,0.25,14.555555555555555,5.1111111111111125,24.0,0.429000524,0.391211231,31.07883034,4.93601177
653,25.0,0.5,0.38,22.16666666666667,10.444444444444443,24.0,0.482854142,0.445484498,35.70587779,5.428106015
355,12.5,0.25,0.38,22.16666666666667,10.444444444444443,16.0,0.621376432,0.513721618,43.63998621,8.134726547
594,25.0,0.5,0.25,18.166666666666668,7.666666666666665,1.0,0.529779854,0.463982188,37.77937909,6.880775896
136,12.5,0.25,0.25,22.16666666666667,10.444444444444443,34.0,0.399193166,0.402105764,30.79125626,4.079912436
618,25.0,0.5,0.25,22.16666666666667,10.444444444444443,1.0,0.51425307,0.453028369,36.40698205,6.254655109000001
659,25.0,0.5,0.38,14.555555555555555,5.1111111111111125,16.0,0.492994856,0.427177542,34.94019505,5.791456731
724,25.0,0.5,0.38,14.555555555555555,5.1111111111111125,1.0,0.496618271,0.424803532,34.76957798,6.467654764
707,25.0,0.5,0.38,14.555555555555555,5.1111111111111125,16.0,0.487117428,0.423053154,34.5252582,5.91149359
674,25.0,0.5,0.38,18.166666666666668,7.666666666666665,1.0,0.568853507,0.485912698,40.35118636,7.536096872
702,25.0,0.5,0.38,22.16666666666667,10.444444444444443,34.0,0.422547698,0.416785571,32.5057415,4.493644089
293,12.5,0.25,0.25,26.11111111111111,13.277777777777779,16.0,0.595065655,0.491901278,40.86547798,7.529175053
731,25.0,0.5,0.38,26.11111111111111,13.277777777777779,16.0,0.53434503,0.468896154,38.34358882,6.347560759
10,37.5,0.75,0.25,14.555555555555555,5.1111111111111125,16.0,0.379906235,0.375616334,29.07835591,4.057555205
744,25.0,0.5,0.38,14.555555555555555,5.1111111111111125,34.0,0.449875425,0.413096652,33.23980604,5.330631336000001
540,25.0,0.5,0.25,26.11111111111111,13.277777777777779,1.0,0.504435443,0.452484359,36.43078186,6.0728344299999995
251,12.5,0.25,0.25,18.166666666666668,7.666666666666665,16.0,0.603493403,0.497864974,41.61500537,7.713479598
207,12.5,0.25,0.25,18.166666666666668,7.666666666666665,24.0,0.586760249,0.490357436,40.7940564,7.400775379
393,12.5,0.25,0.38,26.11111111111111,13.277777777777779,24.0,0.508991582,0.453940904,36.81673726,6.071228897
69,12.5,0.25,0.25,26.11111111111111,13.277777777777779,16.0,0.512802719,0.452143551,36.31159312,5.746777027
194,12.5,0.25,0.25,14.555555555555555,5.1111111111111125,34.0,0.465804378,0.407609786,32.6584962,5.200578494999999
572,25.0,0.5,0.25,26.11111111111111,13.277777777777779,1.0,0.509001253,0.455135389,36.69768447,6.079085257
587,25.0,0.5,0.25,26.11111111111111,13.277777777777779,16.0,0.496270554,0.448256199,35.89837298,5.750881068
112,12.5,0.25,0.25,18.166666666666668,7.666666666666665,34.0,0.548724554,0.470373306,38.37855771,6.400022213000001
325,12.5,0.25,0.25,26.11111111111111,13.277777777777779,16.0,0.587319779,0.488005014,40.4613306,7.369685585
312,12.5,0.25,0.25,22.16666666666667,10.444444444444443,34.0,0.467741485,0.429230513,33.75309045,5.13693247
432,12.5,0.25,0.38,18.166666666666668,7.666666666666665,34.0,0.598281018,0.498478897,41.78031158,7.55746014
502,25.0,0.5,0.25,18.166666666666668,7.666666666666665,34.0,0.483671436,0.442952601,35.37114225,5.381272664
341,12.5,0.25,0.25,26.11111111111111,13.277777777777779,16.0,0.601161249,0.495799217,41.36318078,7.558005884999999
685,25.0,0.5,0.38,22.16666666666667,10.444444444444443,24.0,0.511522719,0.460322355,37.44044874,6.02087569
507,25.0,0.5,0.25,26.11111111111111,13.277777777777779,16.0,0.467905283,0.437062839,34.69390641,5.453993821
441,12.5,0.25,0.38,26.11111111111111,13.277777777777779,24.0,0.506190323,0.452074913,36.55432716,5.807006932999999
281,12.5,0.25,0.25,26.11111111111111,13.277777777777779,24.0,0.473142233,0.430905502,34.01445364,5.446697471
407,12.5,0.25,0.38,22.16666666666667,10.444444444444443,24.0,0.576602444,0.487427885,40.46221144,7.064169775
187,12.5,0.25,0.25,18.166666666666668,7.666666666666665,16.0,0.594206083,0.493257523,41.08127039,7.54834706
442,12.5,0.25,0.38,26.11111111111111,13.277777777777779,34.0,0.480707687,0.436459223,34.60429153,5.329263197
607,25.0,0.5,0.25,26.11111111111111,13.277777777777779,24.0,0.386011221,0.397661192,30.5255093,4.0568342710000005
459,25.0,0.5,0.25,26.11111111111111,13.277777777777779,16.0,0.464411249,0.433195442,34.15934595,5.205320295000001
92,12.5,0.25,0.25,18.166666666666668,7.666666666666665,1.0,0.613333283,0.504056677,42.40766225,7.825874922
410,12.5,0.25,0.38,26.11111111111111,13.277777777777779,34.0,0.424778393,0.409907136,31.50270183,4.433536965999999
574,25.0,0.5,0.25,22.16666666666667,10.444444444444443,34.0,0.392583006,0.401719969,30.80685608,4.2327623050000005
759,20.0,0.0,0.117,22.16666666666667,10.444444444444443,3.77,0.380852104,0.39604355,30.05252128,3.923906282
503,25.0,0.5,0.25,14.555555555555555,5.1111111111111125,24.0,0.455795758,0.409760795,32.74377319,5.39533158
475,25.0,0.5,0.25,26.11111111111111,13.277777777777779,16.0,0.47973321,0.443962193,35.55511529,5.636308737
701,25.0,0.5,0.38,22.16666666666667,10.444444444444443,24.0,0.489635345,0.445497348,35.6026819,5.645146626
557,25.0,0.5,0.25,22.16666666666667,10.444444444444443,24.0,0.442626748,0.424874062,33.28480863,5.042640338999999
130,12.5,0.25,0.25,14.555555555555555,5.1111111111111125,34.0,0.467812388,0.412478904,33.221987,5.377270863
706,25.0,0.5,0.38,18.166666666666668,7.666666666666665,1.0,0.566355374,0.483787993,39.98873363,7.565211237000001
562,25.0,0.5,0.25,18.166666666666668,7.666666666666665,1.0,0.533393093,0.465952713,37.87016972,6.619846953000001
609,25.0,0.5,0.25,18.166666666666668,7.666666666666665,16.0,0.514086408,0.456066643,36.83081961,6.397355689
197,12.5,0.25,0.25,26.11111111111111,13.277777777777779,16.0,0.593049003,0.493757519,41.22334958,7.399875886
215,12.5,0.25,0.25,22.16666666666667,10.444444444444443,24.0,0.535877448,0.462697311,37.55556802,6.3688498209999995
650,25.0,0.5,0.38,22.16666666666667,10.444444444444443,1.0,0.551264467,0.478135139,39.4849869,6.821808099
770,20.0,0.0,0.293,22.16666666666667,10.444444444444443,3.77,0.497503209,0.453338519,36.63337572,5.4494211990000005
694,25.0,0.5,0.38,18.166666666666668,7.666666666666665,34.0,0.51175153,0.459224426,37.29886067,5.9194307550000005
481,25.0,0.5,0.25,18.166666666666668,7.666666666666665,16.0,0.510102557,0.453994528,36.49496278,6.1159470659999995
575,25.0,0.5,0.25,26.11111111111111,13.277777777777779,24.0,0.383581787,0.395502524,30.27497178,3.948986911
471,25.0,0.5,0.25,14.555555555555555,5.1111111111111125,24.0,0.432419853,0.394168935,31.44841986,4.952013044
440,12.5,0.25,0.38,22.16666666666667,10.444444444444443,34.0,0.529070993,0.460627726,37.35683231,6.146831516
634,25.0,0.5,0.25,22.16666666666667,10.444444444444443,1.0,0.539252868,0.469978321,38.48035199,6.994248011
257,12.5,0.25,0.25,14.555555555555555,5.1111111111111125,24.0,0.521906846,0.432226587,35.77113923,6.621250814
428,12.5,0.25,0.38,18.166666666666668,7.666666666666665,1.0,0.62818447,0.517544673,44.10669723,8.489691924
739,25.0,0.5,0.38,14.555555555555555,5.1111111111111125,16.0,0.498715892,0.431072001,35.18441169,6.034642135
497,25.0,0.5,0.25,18.166666666666668,7.666666666666665,16.0,0.50706065,0.450498441,36.04777028,6.239533493
490,25.0,0.5,0.25,22.16666666666667,10.444444444444443,1.0,0.539747718,0.470852882,38.60776797,6.8262087330000005
460,25.0,0.5,0.25,26.11111111111111,13.277777777777779,1.0,0.477832221,0.439278501,34.8789274,5.524145415
76,12.5,0.25,0.25,18.166666666666668,7.666666666666665,1.0,0.599556267,0.495185183,41.25028935,7.57048492
552,25.0,0.5,0.25,14.555555555555555,5.1111111111111125,34.0,0.398218446,0.381184884,29.80390835,4.336100956
678,25.0,0.5,0.38,18.166666666666668,7.666666666666665,34.0,0.515012624,0.459420676,37.21402074,5.966711278
684,25.0,0.5,0.38,26.11111111111111,13.277777777777779,1.0,0.552071106,0.476382696,39.23039094,6.903873395
65,12.5,0.25,0.25,14.555555555555555,5.1111111111111125,24.0,0.482908968,0.418055839,33.84753901,5.482081299000001
713,25.0,0.5,0.38,22.16666666666667,10.444444444444443,16.0,0.553663086,0.478760617,39.50571347,6.9482288
206,12.5,0.25,0.25,14.555555555555555,5.1111111111111125,1.0,0.544644313,0.44959908,37.77154371,7.028673498
8,37.5,0.75,0.25,18.166666666666668,7.666666666666665,16.0,0.427977027,0.414710939,32.33415267,4.234868585
77,12.5,0.25,0.25,14.555555555555555,5.1111111111111125,16.0,0.517721232,0.432440021,35.50033008,6.1980649560000005
670,25.0,0.5,0.38,22.16666666666667,10.444444444444443,34.0,0.434546355,0.424380104,33.43397592,4.696443943
58,12.5,0.25,0.25,26.11111111111111,13.277777777777779,34.0,0.323727288,0.370487534,27.44242745,3.139432546
472,25.0,0.5,0.25,14.555555555555555,5.1111111111111125,34.0,0.375383664,0.370480992,28.80786754,4.290964878
424,12.5,0.25,0.38,22.16666666666667,10.444444444444443,34.0,0.522435446,0.457945593,37.03329756,5.954513153
377,12.5,0.25,0.38,26.11111111111111,13.277777777777779,24.0,0.498657334,0.448608762,36.11395452,5.7773753999999995
480,25.0,0.5,0.25,26.11111111111111,13.277777777777779,34.0,0.325920891,0.373748945,27.91944764,3.276362058
496,25.0,0.5,0.25,26.11111111111111,13.277777777777779,34.0,0.340063353,0.381767872,28.76356526,3.519431306
631,25.0,0.5,0.25,14.555555555555555,5.1111111111111125,24.0,0.466109593,0.414753539,33.28905228,5.932239093
746,25.0,0.5,0.38,22.16666666666667,10.444444444444443,1.0,0.55599359,0.477181542,39.23411184,7.00766825
319,12.5,0.25,0.25,18.166666666666668,7.666666666666665,24.0,0.556715923,0.471125278,38.45140921,6.6710726430000005
364,12.5,0.25,0.38,18.166666666666668,7.666666666666665,1.0,0.635315515,0.524860365,45.07802445,8.652043342
412,12.5,0.25,0.38,18.166666666666668,7.666666666666665,1.0,0.631033926,0.520003767,44.49542302,8.538462001
141,12.5,0.25,0.25,14.555555555555555,5.1111111111111125,16.0,0.505619046,0.429150584,35.23885567,5.91416491
88,12.5,0.25,0.25,22.16666666666667,10.444444444444443,34.0,0.435969213,0.419720202,32.81579359,4.684893205000001
647,25.0,0.5,0.25,14.555555555555555,5.1111111111111125,24.0,0.452690306,0.401506621,32.27459053,5.495365345
323,12.5,0.25,0.25,22.16666666666667,10.444444444444443,16.0,0.592798225,0.491169185,40.84238532,7.440712007
321,12.5,0.25,0.25,14.555555555555555,5.1111111111111125,24.0,0.518556034,0.433841405,35.48700839,6.500097782
60,12.5,0.25,0.25,18.166666666666668,7.666666666666665,1.0,0.57967664,0.486201582,40.26540842,7.041380179
486,25.0,0.5,0.25,18.166666666666668,7.666666666666665,34.0,0.470643424,0.437265704,34.70241183,5.234746964
385,12.5,0.25,0.38,14.555555555555555,5.1111111111111125,24.0,0.564981991,0.467219599,39.50188081,7.219760394
419,12.5,0.25,0.38,22.16666666666667,10.444444444444443,16.0,0.625727004,0.516063505,43.95536146,8.116531753
433,12.5,0.25,0.38,14.555555555555555,5.1111111111111125,24.0,0.538703555,0.446450716,37.55181473,6.772933474
301,12.5,0.25,0.25,14.555555555555555,5.1111111111111125,16.0,0.531891546,0.440785841,36.46634183,6.77023332
755,25.0,0.5,0.38,14.555555555555555,5.1111111111111125,16.0,0.494677622,0.429702536,34.78488765,6.292960756
296,12.5,0.25,0.25,22.16666666666667,10.444444444444443,34.0,0.506742719,0.449545727,36.09829713,5.811211473
315,12.5,0.25,0.25,18.166666666666668,7.666666666666665,16.0,0.583697575,0.48651762,40.2744187,7.41781497
721,25.0,0.5,0.38,18.166666666666668,7.666666666666665,16.0,0.550864261,0.476928353,39.33656697,6.909429997999999
46,25.0,0.25,0.25,26.11111111111111,13.277777777777779,24.0,0.335529768,0.378528127,28.45383631,3.385148001
86,12.5,0.25,0.25,26.11111111111111,13.277777777777779,1.0,0.573428227,0.483047479,39.92972033,7.122490558000001
109,12.5,0.25,0.25,14.555555555555555,5.1111111111111125,16.0,0.54613583,0.453001484,37.97024343,6.8983909489999995
360,12.5,0.25,0.38,22.16666666666667,10.444444444444443,34.0,0.494906594,0.444967734,35.62231346,5.527425034
645,25.0,0.5,0.25,18.166666666666668,7.666666666666665,24.0,0.490016595,0.445717779,35.64822051,5.8308936199999994
16,37.5,0.25,0.25,22.16666666666667,10.444444444444443,34.0,0.288159094,0.359458632,26.48732245,2.688028831
493,25.0,0.5,0.25,22.16666666666667,10.444444444444443,24.0,0.467156853,0.435851115,34.48550991,5.424123512
193,12.5,0.25,0.25,14.555555555555555,5.1111111111111125,24.0,0.50831235,0.426746554,35.11807556,6.188477141
738,25.0,0.5,0.38,18.166666666666668,7.666666666666665,1.0,0.569329938,0.486931048,40.50451387,7.771010274
628,25.0,0.5,0.25,14.555555555555555,5.1111111111111125,1.0,0.470593127,0.411220309,33.16394425,5.931752803
401,12.5,0.25,0.38,14.555555555555555,5.1111111111111125,24.0,0.551891558,0.455238354,38.74276374,7.2980026019999995
539,25.0,0.5,0.25,26.11111111111111,13.277777777777779,16.0,0.496598201,0.447853006,35.82485206,5.970681858
438,12.5,0.25,0.38,26.11111111111111,13.277777777777779,1.0,0.640742728,0.527735445,45.40338621,8.562370774000001
140,12.5,0.25,0.25,18.166666666666668,7.666666666666665,1.0,0.578114733,0.485218942,40.16166766,7.181425216
198,12.5,0.25,0.25,26.11111111111111,13.277777777777779,1.0,0.601404506,0.498282106,41.72079694,7.517440772
467,25.0,0.5,0.25,14.555555555555555,5.1111111111111125,16.0,0.455340281,0.403129918,32.46181948,5.40369852
14,37.5,0.25,0.25,26.11111111111111,13.277777777777779,1.0,0.381314223,0.40248084,30.79374092,3.900344042
87,12.5,0.25,0.25,22.16666666666667,10.444444444444443,24.0,0.507748656,0.450537939,36.16604354,5.852874202
265,12.5,0.25,0.25,26.11111111111111,13.277777777777779,24.0,0.454937519,0.423865656,33.26713681,5.151386473
262,12.5,0.25,0.25,26.11111111111111,13.277777777777779,1.0,0.586303901,0.490981116,40.92210139,7.570608619
222,12.5,0.25,0.25,14.555555555555555,5.1111111111111125,1.0,0.52698696,0.438669933,36.34050331,6.69623571
259,12.5,0.25,0.25,22.16666666666667,10.444444444444443,16.0,0.575237945,0.481173502,39.64669117,7.207420303
3,37.5,0.75,0.25,26.11111111111111,13.277777777777779,1.0,0.407564155,0.40878935,31.56258602,4.30394303
354,12.5,0.25,0.25,14.555555555555555,5.1111111111111125,34.0,0.480386371,0.41390409,33.33119375,5.5350566500000005
489,25.0,0.5,0.25,22.16666666666667,10.444444444444443,16.0,0.506260198,0.453119748,36.54784977,6.1174759000000005
615,25.0,0.5,0.25,14.555555555555555,5.1111111111111125,24.0,0.41985138,0.383219703,30.22351864,4.86794772
473,25.0,0.5,0.25,22.16666666666667,10.444444444444443,16.0,0.496636394,0.448972519,35.98855463,5.920487176
661,25.0,0.5,0.38,18.166666666666668,7.666666666666665,24.0,0.521414646,0.462795445,37.71251297,6.409140005
139,12.5,0.25,0.25,18.166666666666668,7.666666666666665,16.0,0.543968929,0.468039601,38.17159714,6.529982317
67,12.5,0.25,0.25,22.16666666666667,10.444444444444443,16.0,0.552129108,0.471650366,38.57716666,6.578235221
515,25.0,0.5,0.25,14.555555555555555,5.1111111111111125,16.0,0.459358436,0.41015323,33.07391322,5.552723871
342,12.5,0.25,0.25,26.11111111111111,13.277777777777779,1.0,0.610860604,0.503371107,42.33928002,7.861465383
56,12.5,0.25,0.25,22.16666666666667,10.444444444444443,34.0,0.391598449,0.400083453,30.66218699,3.9683301820000003
304,12.5,0.25,0.25,18.166666666666668,7.666666666666665,34.0,0.582482579,0.487075422,40.33534199,7.234255248
51,12.5,0.25,0.25,22.16666666666667,10.444444444444443,16.0,0.521950271,0.456936833,36.85236256,5.996078548000001
513,25.0,0.5,0.25,18.166666666666668,7.666666666666665,16.0,0.497274998,0.450749828,36.36293728,5.964791108
465,25.0,0.5,0.25,18.166666666666668,7.666666666666665,16.0,0.498261098,0.452630705,36.62496616,6.037686131
530,25.0,0.5,0.25,18.166666666666668,7.666666666666665,1.0,0.532728714,0.466474508,38.0603745,6.80149205
305,12.5,0.25,0.25,14.555555555555555,5.1111111111111125,24.0,0.530291604,0.440241496,36.54941505,6.482705721
434,12.5,0.25,0.38,14.555555555555555,5.1111111111111125,34.0,0.489083314,0.417908804,34.3041215,5.882965617
537,25.0,0.5,0.25,22.16666666666667,10.444444444444443,16.0,0.520180895,0.460264893,37.25789282,6.320961115
695,25.0,0.5,0.38,14.555555555555555,5.1111111111111125,24.0,0.48638367,0.423927032,34.87598919,6.060641491
357,12.5,0.25,0.38,26.11111111111111,13.277777777777779,16.0,0.595306377,0.498055536,41.76622653,7.406902484000001
186,12.5,0.25,0.25,26.11111111111111,13.277777777777779,34.0,0.402052391,0.4002977,30.5797224,4.179185917
555,25.0,0.5,0.25,26.11111111111111,13.277777777777779,16.0,0.474009658,0.439040667,34.89580066,5.333973572
129,12.5,0.25,0.25,14.555555555555555,5.1111111111111125,24.0,0.529678291,0.440298814,36.67145553,6.6156900610000005
359,12.5,0.25,0.38,22.16666666666667,10.444444444444443,24.0,0.566076664,0.481349777,39.7419306,6.848626223
244,12.5,0.25,0.25,22.16666666666667,10.444444444444443,1.0,0.619006054,0.511116064,43.2784975,8.002997103
255,12.5,0.25,0.25,18.166666666666668,7.666666666666665,24.0,0.574796304,0.482118713,39.77346165,7.172435009
390,12.5,0.25,0.38,26.11111111111111,13.277777777777779,1.0,0.642881721,0.532772006,46.13942523,8.605199951000001
154,12.5,0.25,0.25,26.11111111111111,13.277777777777779,34.0,0.356664626,0.381078645,28.49966552,3.494942958
371,12.5,0.25,0.38,22.16666666666667,10.444444444444443,16.0,0.626397463,0.516147572,43.93700206,8.298206974000001
775,20.0,0.537,0.117,18.666666666666664,7.3888888888888875,3.77,0.401537849,0.399935482,30.58216104,4.166299735
582,25.0,0.5,0.25,18.166666666666668,7.666666666666665,34.0,0.468832886,0.436865942,34.62804711,5.538913011
736,25.0,0.5,0.38,26.11111111111111,13.277777777777779,34.0,0.387861179,0.400831119,30.74970088,3.901989548
158,12.5,0.25,0.25,14.555555555555555,5.1111111111111125,1.0,0.532426131,0.442535249,36.82816896,6.746454602
732,25.0,0.5,0.38,26.11111111111111,13.277777777777779,1.0,0.560445243,0.483702858,40.12609155,7.415894411999999
271,12.5,0.25,0.25,18.166666666666668,7.666666666666665,24.0,0.560709036,0.475184735,38.99704008,6.887466493
484,25.0,0.5,0.25,14.555555555555555,5.1111111111111125,1.0,0.46082121,0.405976473,32.68039834,5.628882801
146,12.5,0.25,0.25,14.555555555555555,5.1111111111111125,34.0,0.4096968,0.383563534,29.94364365,4.34082151
717,25.0,0.5,0.38,22.16666666666667,10.444444444444443,24.0,0.502979625,0.450692194,36.16966007,5.755700162
394,12.5,0.25,0.38,26.11111111111111,13.277777777777779,34.0,0.468305902,0.431946288,34.12272267,5.199792105
418,12.5,0.25,0.38,14.555555555555555,5.1111111111111125,34.0,0.488485703,0.418219535,34.25153963,6.024945992
576,25.0,0.5,0.25,26.11111111111111,13.277777777777779,34.0,0.343963231,0.381851426,28.79344014,3.502082918
768,20.0,0.0,0.0,22.16666666666667,10.444444444444443,3.77,0.249334678,0.320727305,23.41277571,2.6056967589999998
680,25.0,0.5,0.38,14.555555555555555,5.1111111111111125,34.0,0.430443779,0.402182926,32.09005649,4.737639245
588,25.0,0.5,0.25,26.11111111111111,13.277777777777779,1.0,0.519208599,0.459101737,37.07093657,6.493472526
290,12.5,0.25,0.25,14.555555555555555,5.1111111111111125,34.0,0.465199368,0.409384028,32.88039453,5.313378277
411,12.5,0.25,0.38,18.166666666666668,7.666666666666665,16.0,0.611462998,0.504716807,42.50852244,7.903513509000001
630,25.0,0.5,0.25,18.166666666666668,7.666666666666665,34.0,0.468192461,0.435692713,34.5553911,5.1549759139999995
213,12.5,0.25,0.25,26.11111111111111,13.277777777777779,16.0,0.570329618,0.480779062,39.67566796,7.161961901
358,12.5,0.25,0.38,26.11111111111111,13.277777777777779,1.0,0.614621141,0.513728593,43.7550339,8.090417127
180,12.5,0.25,0.25,22.16666666666667,10.444444444444443,1.0,0.621749749,0.511298321,43.28624094,8.06473881
380,12.5,0.25,0.38,18.166666666666668,7.666666666666665,1.0,0.638787728,0.524904141,44.99434918,8.634775829
99,12.5,0.25,0.25,22.16666666666667,10.444444444444443,16.0,0.595273348,0.494398082,41.2557857,7.451725625
135,12.5,0.25,0.25,22.16666666666667,10.444444444444443,24.0,0.46751899,0.429710486,33.71103509,5.085844733
176,12.5,0.25,0.25,18.166666666666668,7.666666666666665,34.0,0.540082008,0.463759475,37.60167915,6.331867217
504,25.0,0.5,0.25,14.555555555555555,5.1111111111111125,34.0,0.402838656,0.379342921,29.83315835,4.460914573
559,25.0,0.5,0.25,26.11111111111111,13.277777777777779,24.0,0.36099568,0.388860282,29.55801912,3.82816556
596,25.0,0.5,0.25,14.555555555555555,5.1111111111111125,1.0,0.452394363,0.401162763,32.02764698,5.73224032
773,40.0,0.537,0.117,22.16666666666667,10.444444444444443,3.77,0.342841074,0.377915162,28.46200492,3.3734368420000003
39,25.0,0.25,0.25,14.555555555555555,5.1111111111111125,34.0,0.337022711,0.358821427,27.62154773,3.182698648
340,12.5,0.25,0.25,22.16666666666667,10.444444444444443,1.0,0.620391949,0.511834352,43.37204316,8.25405731
2,37.5,0.75,0.25,26.11111111111111,13.277777777777779,16.0,0.383786508,0.399172403,30.54630597,3.866798965
451,12.5,0.25,0.38,22.16666666666667,10.444444444444443,16.0,0.612209289,0.506686303,42.79905453,7.884567722
68,12.5,0.25,0.25,22.16666666666667,10.444444444444443,1.0,0.58704878,0.492820232,41.13589278,7.26728344
208,12.5,0.25,0.25,18.166666666666668,7.666666666666665,34.0,0.574708327,0.484698098,40.11817697,7.048870716000001
608,25.0,0.5,0.25,26.11111111111111,13.277777777777779,34.0,0.334220017,0.377888031,28.28409524,3.501179921
420,12.5,0.25,0.38,22.16666666666667,10.444444444444443,1.0,0.645475445,0.530933466,45.80306982,8.823690108000001
253,12.5,0.25,0.25,14.555555555555555,5.1111111111111125,16.0,0.55235942,0.455179564,38.04275581,7.103508943
339,12.5,0.25,0.25,22.16666666666667,10.444444444444443,16.0,0.612633396,0.502786993,42.17176453,7.914171177
409,12.5,0.25,0.38,26.11111111111111,13.277777777777779,24.0,0.481328623,0.438612787,34.95207208,5.504750825
111,12.5,0.25,0.25,18.166666666666668,7.666666666666665,24.0,0.555568429,0.472670389,38.65527495,6.808263611
224,12.5,0.25,0.25,18.166666666666668,7.666666666666665,34.0,0.541142146,0.463558518,37.54210856,6.361489513
544,25.0,0.5,0.25,26.11111111111111,13.277777777777779,34.0,0.334593591,0.377566465,28.28286806,3.244329258
73,12.5,0.25,0.25,26.11111111111111,13.277777777777779,24.0,0.399362246,0.400247657,30.7671091,4.177015203
47,25.0,0.25,0.25,26.11111111111111,13.277777777777779,34.0,0.283055065,0.355875536,26.05469186,2.452680747
638,25.0,0.5,0.25,22.16666666666667,10.444444444444443,34.0,0.421629852,0.414272565,32.15868546,4.5844535539999995
113,12.5,0.25,0.25,14.555555555555555,5.1111111111111125,24.0,0.532704207,0.447647041,36.99403039,6.48080815
96,12.5,0.25,0.25,18.166666666666668,7.666666666666665,34.0,0.530709113,0.460796109,37.25124178,6.093315271000001
737,25.0,0.5,0.38,18.166666666666668,7.666666666666665,16.0,0.546259537,0.473088807,38.82636429,6.9193451800000005
214,12.5,0.25,0.25,26.11111111111111,13.277777777777779,1.0,0.582954458,0.488176027,40.55976952,7.243226111
569,25.0,0.5,0.25,22.16666666666667,10.444444444444443,16.0,0.509782413,0.455453173,36.81018683,6.202327017
123,12.5,0.25,0.25,18.166666666666668,7.666666666666665,16.0,0.607396172,0.501359058,42.07457289,7.8295140000000005
106,12.5,0.25,0.25,26.11111111111111,13.277777777777779,34.0,0.397278517,0.398863863,30.39027791,4.068350665
595,25.0,0.5,0.25,14.555555555555555,5.1111111111111125,16.0,0.462996546,0.405525072,32.79766623,5.684143505
17,37.5,0.25,0.25,26.11111111111111,13.277777777777779,24.0,0.279535801,0.35441498,26.28235597,2.508375673
742,25.0,0.5,0.38,18.166666666666668,7.666666666666665,34.0,0.513772901,0.45807618,37.08458041,5.862805454
98,12.5,0.25,0.25,14.555555555555555,5.1111111111111125,34.0,0.443297352,0.399723843,31.90931611,4.868211449
322,12.5,0.25,0.25,14.555555555555555,5.1111111111111125,34.0,0.453234697,0.401236607,32.21562101,5.345991060999999
382,12.5,0.25,0.38,14.555555555555555,5.1111111111111125,1.0,0.573204799,0.46935993,39.81661146,7.555171595
365,12.5,0.25,0.38,14.555555555555555,5.1111111111111125,16.0,0.563746659,0.46618285,39.76356662,7.222004621
510,25.0,0.5,0.25,22.16666666666667,10.444444444444443,34.0,0.372318474,0.394461774,30.13586876,3.764319732
